patient_id,x_location,y_location,z_location,score
LIDC-IDRI-0265,107.27731092436974,160.56062424969988,206.0708283313325,0.8777
LIDC-IDRI-0265,144.0,72.0,72.0,0.6203
LIDC-IDRI-0715,148.0,168.0,238.0,0.6423
LIDC-IDRI-0715,155.68479355488418,168.48338368580062,235.4541792547835,0.9201
LIDC-IDRI-0715,178.0,107.0,170.5,0.6537
LIDC-IDRI-0715,199.0,92.0,137.0,0.5078
LIDC-IDRI-0715,211.24561403508773,156.87719298245614,129.31578947368422,0.8453
LIDC-IDRI-0715,210.0,123.0,121.0,0.5477
LIDC-IDRI-0715,212.0,169.0,158.0,0.6795
LIDC-IDRI-0715,213.83333333333331,142.0,84.5,0.696
LIDC-IDRI-0379,201.4782608695652,165.82608695652175,130.1304347826087,0.8721
LIDC-IDRI-0379,216.0,159.32258064516128,97.93548387096774,0.8092
LIDC-IDRI-0811,49.0,177.0,86.5,0.6332
LIDC-IDRI-0811,53.0,101.0,188.5,0.5825
LIDC-IDRI-0811,56.0,94.0,188.0,0.6122
LIDC-IDRI-0811,78.68745668745669,178.73804573804574,169.43797643797643,0.8902
LIDC-IDRI-0811,94.0,94.0,44.0,0.581
LIDC-IDRI-0811,152.0,70.0,36.0,0.6896
LIDC-IDRI-0811,154.0,70.0,36.0,0.7526
LIDC-IDRI-0811,154.25,105.0,200.5,0.6977
LIDC-IDRI-0811,211.0,87.0,141.0,0.7241
LIDC-IDRI-0811,214.33333333333331,112.0,46.66666666666666,0.7608
LIDC-IDRI-0056,85.33333333333333,92.0,118.66666666666669,0.6748
LIDC-IDRI-0056,98.625,159.75,173.5,0.7454
LIDC-IDRI-0056,153.0,152.0,87.0,0.6737
LIDC-IDRI-0056,154.0,151.0,85.0,0.6008
LIDC-IDRI-0056,170.5,167.45833333333334,102.33333333333331,0.7557
LIDC-IDRI-0556,61.0,191.0,39.0,0.5561
LIDC-IDRI-0556,66.6470588235294,193.58823529411765,86.94117647058823,0.8187
LIDC-IDRI-0556,90.63333333333334,177.2,187.33333333333331,0.7818
LIDC-IDRI-0556,92.0,184.0,184.0,0.6575
LIDC-IDRI-0556,97.5,188.0,178.0,0.5986
LIDC-IDRI-0556,205.75,156.25,86.25,0.6496
LIDC-IDRI-0078,107.95,33.475,72.6,0.7366
LIDC-IDRI-0078,166.28798586572438,156.88427561837457,75.41166077738517,0.9393
LIDC-IDRI-0078,170.72469847928684,122.82433141059256,198.93340325117987,0.9019
LIDC-IDRI-0078,168.72413793103448,175.05172413793105,139.36206896551724,0.8483
LIDC-IDRI-0078,180.5073394495413,85.45871559633028,136.96146788990825,0.9411
LIDC-IDRI-0078,197.0,112.0,160.0,0.5101
LIDC-IDRI-0078,205.0,125.0,71.0,0.5501
LIDC-IDRI-0504,60.0,178.0,166.0,0.5002
LIDC-IDRI-0504,68.80425531914894,64.37446808510639,125.52765957446807,0.9088
LIDC-IDRI-0504,136.0909090909091,46.81818181818182,222.54545454545453,0.75
LIDC-IDRI-0504,139.0,52.0,220.0,0.6848
LIDC-IDRI-0504,186.0,82.0,42.0,0.5509
LIDC-IDRI-0504,218.26666666666668,110.4,127.33333333333331,0.7706
LIDC-IDRI-0407,43.90909090909091,97.72727272727272,151.1818181818182,0.6753
LIDC-IDRI-0407,43.42857142857143,100.57142857142856,141.14285714285714,0.7954
LIDC-IDRI-0407,56.8125,180.75,139.5,0.9201
LIDC-IDRI-0407,72.0,176.0,176.0,0.5394
LIDC-IDRI-0407,113.45882352941176,93.88235294117646,134.6235294117647,0.8281
LIDC-IDRI-0407,114.0,91.0,88.0,0.606
LIDC-IDRI-0407,200.91304347826087,103.56521739130434,141.7391304347826,0.8977
LIDC-IDRI-0496,45.70909090909091,78.01818181818182,86.05454545454545,0.9033
LIDC-IDRI-0496,74.0,199.5,178.0,0.6587
LIDC-IDRI-0496,98.0,74.0,0.5,0.7999
LIDC-IDRI-0496,102.58333333333331,193.83333333333331,156.91666666666666,0.7361
LIDC-IDRI-0496,159.0,72.0,167.0,0.5921
LIDC-IDRI-0496,176.0,76.0,120.0,0.5099
LIDC-IDRI-0496,198.0,87.0,149.0,0.5119
LIDC-IDRI-0496,225.7058823529412,161.47058823529412,79.58823529411765,0.8559
LIDC-IDRI-0744,50.0,83.0,126.0,0.6106
LIDC-IDRI-0744,52.53658536585366,175.97560975609755,122.02439024390245,0.8252
LIDC-IDRI-0744,77.0,42.0,24.5,0.7395
LIDC-IDRI-0744,94.66666666666669,198.0,216.33333333333331,0.8073
LIDC-IDRI-0744,115.5,40.0,8.0,0.641
LIDC-IDRI-0744,130.80645161290323,62.03225806451613,233.16129032258064,0.8087
LIDC-IDRI-0744,152.27272727272728,179.72727272727272,224.45454545454547,0.773
LIDC-IDRI-0744,189.0,80.0,134.5,0.538
LIDC-IDRI-0802,158.0,58.333333333333336,52.66666666666666,0.6555
LIDC-IDRI-0802,159.0,55.0,53.0,0.7418
LIDC-IDRI-0802,173.0,160.0,236.0,0.6408
LIDC-IDRI-0802,191.66666666666663,39.333333333333336,8.0,0.721
LIDC-IDRI-0836,41.10344827586207,129.6206896551724,128.9655172413793,0.905
LIDC-IDRI-0836,45.75,124.75,131.25,0.8441
LIDC-IDRI-0836,67.16666666666667,41.44444444444444,100.05555555555556,0.7713
LIDC-IDRI-0836,76.0,48.5,135.0,0.5697
LIDC-IDRI-0836,81.84615384615384,39.07692307692308,127.3846153846154,0.8173
LIDC-IDRI-0836,105.85714285714286,166.0,103.35714285714286,0.7469
LIDC-IDRI-0836,106.8,146.86666666666667,216.13333333333333,0.7516
LIDC-IDRI-0836,162.0,170.0,102.0,0.5352
LIDC-IDRI-0836,169.94285714285715,161.28571428571428,202.0,0.9108
LIDC-IDRI-0836,206.5,123.5,141.0,0.8708
LIDC-IDRI-0836,208.66666666666663,131.66666666666666,151.5,0.7026
LIDC-IDRI-0836,212.57142857142856,162.42857142857142,131.42857142857142,0.748
LIDC-IDRI-0836,213.83333333333331,107.16666666666669,124.375,0.8646
LIDC-IDRI-0836,217.8,165.4,67.4,0.7367
LIDC-IDRI-0836,226.33333333333331,155.55555555555554,61.44444444444444,0.8138
LIDC-IDRI-0836,230.42857142857144,71.57142857142857,85.57142857142857,0.6987
LIDC-IDRI-0836,245.0,143.0,1.0,0.6105
LIDC-IDRI-0836,245.0,145.0,1.0,0.5491
LIDC-IDRI-0458,43.333333333333336,151.66666666666666,197.0,0.6662
LIDC-IDRI-0458,82.2,186.0,138.2,0.7872
LIDC-IDRI-0458,188.0,101.0,163.0,0.789
LIDC-IDRI-0458,209.875,172.75,107.25,0.7737
LIDC-IDRI-0458,220.0,113.5,46.0,0.7218
LIDC-IDRI-0458,221.1875,137.8125,113.6875,0.8402
LIDC-IDRI-0458,223.0,113.0,46.0,0.6042
LIDC-IDRI-0542,29.0,136.5,106.0,0.878
LIDC-IDRI-0542,53.92592592592592,172.66666666666666,118.92592592592592,0.9013
LIDC-IDRI-0542,183.0,174.0,99.0,0.5221
LIDC-IDRI-0542,210.0,78.0,16.0,0.7257
LIDC-IDRI-0542,226.0,116.0,74.0,0.6429
LIDC-IDRI-0395,44.642857142857146,189.0952380952381,105.0952380952381,0.7999
LIDC-IDRI-0395,50.0,194.67123287671237,107.21917808219176,0.8534
LIDC-IDRI-0395,56.72413793103448,80.41379310344827,77.58620689655173,0.8086
LIDC-IDRI-0395,69.35714285714286,72.42857142857143,88.0,0.7065
LIDC-IDRI-0395,80.66666666666667,117.33333333333331,85.33333333333333,0.617
LIDC-IDRI-0395,86.63636363636364,72.0,247.54545454545453,0.7602
LIDC-IDRI-0395,182.25611510791367,176.00143884892086,76.11510791366906,0.9163
LIDC-IDRI-0395,196.36077057793344,174.57267950963222,62.838879159369526,0.86
LIDC-IDRI-0395,200.86206896551724,155.6206896551724,90.0,0.696
LIDC-IDRI-0395,219.0754716981132,124.8490566037736,114.22641509433964,0.9283
LIDC-IDRI-0248,184.33333333333331,176.41666666666666,35.916666666666664,0.8991
LIDC-IDRI-0896,44.8,131.6,174.4,0.7624
LIDC-IDRI-0896,141.33333333333334,159.33333333333334,224.0,0.731
LIDC-IDRI-0896,202.34545454545452,150.6727272727273,148.8,0.9099
LIDC-IDRI-0896,214.0,156.0,46.0,0.7219
LIDC-IDRI-0896,226.96019900497512,145.60199004975124,126.35323383084577,0.8998
LIDC-IDRI-0751,55.0,158.0,128.5,0.7659
LIDC-IDRI-0751,59.8125,90.5,114.6875,0.8384
LIDC-IDRI-0751,72.94586614173228,174.98228346456693,68.09645669291339,0.817
LIDC-IDRI-0751,157.7391304347826,186.0434782608696,137.04347826086956,0.692
LIDC-IDRI-0751,161.0,72.0,32.0,0.6294
LIDC-IDRI-0751,161.5,183.66666666666663,136.33333333333334,0.6988
LIDC-IDRI-0751,179.33252525252524,187.39353535353536,157.50060606060606,0.9261
LIDC-IDRI-0751,186.0,190.0,164.5,0.598
LIDC-IDRI-0751,209.9764705882353,179.89411764705883,97.4235294117647,0.8641
LIDC-IDRI-0751,226.0,144.0,64.5,0.6144
LIDC-IDRI-0751,228.46666666666667,122.06666666666666,71.2,0.8527
LIDC-IDRI-0765,51.38636363636363,170.6590909090909,184.51136363636363,0.845
LIDC-IDRI-0765,78.63636363636364,87.95454545454545,96.63636363636364,0.6547
LIDC-IDRI-0765,78.0,82.0,92.5,0.7446
LIDC-IDRI-0765,83.0,84.0,89.0,0.6289
LIDC-IDRI-0765,85.0,84.0,88.0,0.5511
LIDC-IDRI-0765,106.4,83.8,136.0,0.5945
LIDC-IDRI-0765,223.52631578947367,149.60526315789474,140.89473684210526,0.8039
LIDC-IDRI-0629,57.0,124.0,71.0,0.549
LIDC-IDRI-0629,103.46341463414636,152.0121951219512,213.6829268292683,0.9047
LIDC-IDRI-0629,106.66666666666669,177.33333333333334,178.83333333333334,0.745
LIDC-IDRI-0908,32.333333333333336,164.16666666666666,81.83333333333333,0.7398
LIDC-IDRI-0908,34.642857142857146,169.6,70.0,0.7984
LIDC-IDRI-0908,64.6,179.4,154.2,0.7114
LIDC-IDRI-0908,88.5,56.0,161.0,0.5219
LIDC-IDRI-0908,107.4,123.4,215.8,0.7447
LIDC-IDRI-0908,187.88888888888889,74.33333333333333,178.33333333333334,0.7546
LIDC-IDRI-0908,197.0,85.0,179.0,0.6158
LIDC-IDRI-0908,202.33333333333331,108.0,10.333333333333334,0.6904
LIDC-IDRI-0908,219.16666666666663,125.33333333333331,195.16666666666663,0.8143
LIDC-IDRI-0908,233.0,135.0,72.0,0.5177
LIDC-IDRI-0980,157.0,91.0,167.0,0.6178
LIDC-IDRI-0980,160.0,90.5,169.5,0.532
LIDC-IDRI-0980,182.7378640776699,191.83495145631068,163.49514563106797,0.8868
LIDC-IDRI-0980,210.33333333333331,111.0,114.66666666666669,0.5933
LIDC-IDRI-0980,215.76829268292684,169.5121951219512,110.0609756097561,0.8581
LIDC-IDRI-0221,190.3165322580645,129.4186827956989,191.72379032258064,0.9419
LIDC-IDRI-0221,216.0,114.25,77.0,0.6707
LIDC-IDRI-0301,68.0,169.0,55.0,0.8876
LIDC-IDRI-0301,85.0,84.0,144.5,0.7147
LIDC-IDRI-0301,86.9090909090909,88.86363636363636,108.95454545454544,0.8843
LIDC-IDRI-0301,91.0,148.0,218.0,0.6882
LIDC-IDRI-0301,119.0,133.0,74.5,0.8316
LIDC-IDRI-0301,181.66666666666663,116.33333333333331,169.5,0.8361
LIDC-IDRI-0712,95.0,108.0,240.0,0.5787
LIDC-IDRI-0712,172.5,148.5,197.0,0.8135
LIDC-IDRI-0712,173.0,170.5,114.5,0.719
LIDC-IDRI-0712,226.74358974358972,136.48717948717947,58.51282051282051,0.8929
LIDC-IDRI-0712,231.55555555555557,122.77777777777776,92.11111111111111,0.9106
LIDC-IDRI-0712,252.27272727272728,62.54545454545455,184.72727272727272,0.7444
LIDC-IDRI-0712,255.0,62.5,183.0,0.6081
LIDC-IDRI-0128,64.0,108.0,94.0,0.5759
LIDC-IDRI-0128,65.5,140.0,70.5,0.6477
LIDC-IDRI-0128,82.52631578947368,152.89473684210526,155.21052631578948,0.7955
LIDC-IDRI-0128,100.63636363636364,68.9090909090909,19.454545454545453,0.7081
LIDC-IDRI-0128,152.04347826086956,158.91304347826087,173.82608695652175,0.7609
LIDC-IDRI-0128,161.35714285714286,32.785714285714285,190.28571428571428,0.6752
LIDC-IDRI-0128,160.0,138.0,167.0,0.5236
LIDC-IDRI-0227,66.125,78.75,99.75,0.8187
LIDC-IDRI-0227,189.4520547945205,87.5068493150685,142.3835616438356,0.9308
LIDC-IDRI-0227,197.5,165.0,136.0,0.6536
LIDC-IDRI-0688,41.333333333333336,36.0,232.66666666666663,0.5361
LIDC-IDRI-0688,81.53456998313659,44.403035413153454,210.3827993254637,0.8332
LIDC-IDRI-0688,84.40229885057471,93.36781609195404,101.7471264367816,0.7847
LIDC-IDRI-0688,82.28571428571429,102.14285714285714,94.42857142857144,0.6856
LIDC-IDRI-0688,84.0,124.03333333333332,94.03333333333332,0.7147
LIDC-IDRI-0688,216.5,107.9,106.8,0.7026
LIDC-IDRI-0688,218.0,150.66666666666666,94.33333333333331,0.7718
LIDC-IDRI-0702,54.865671641791046,166.44776119402985,114.15671641791045,0.7515
LIDC-IDRI-0702,56.25,128.0,203.75,0.7171
LIDC-IDRI-0702,71.3148667601683,154.062412342216,208.11079943899017,0.8783
LIDC-IDRI-0702,143.89655172413794,135.82758620689654,233.0344827586207,0.8425
LIDC-IDRI-0702,143.0,170.0,218.5,0.674
LIDC-IDRI-0702,180.53846153846155,129.92307692307693,224.7692307692308,0.8363
LIDC-IDRI-0702,192.66666666666663,86.66666666666667,121.58333333333331,0.6589
LIDC-IDRI-0503,58.333333333333336,198.66666666666663,116.5,0.7083
LIDC-IDRI-0503,61.84375,106.96875,133.75,0.8848
LIDC-IDRI-0503,159.0,213.5,109.75,0.6097
LIDC-IDRI-0503,192.375,148.625,134.75,0.8349
LIDC-IDRI-0503,194.0,240.0,208.0,0.5499
LIDC-IDRI-0503,201.0,115.0,150.0,0.7498
LIDC-IDRI-0503,205.0,206.0,46.0,0.5233
LIDC-IDRI-0503,221.0,114.0,96.0,0.5537
LIDC-IDRI-0503,223.0,115.0,97.0,0.6842
LIDC-IDRI-0503,226.25,118.5,96.625,0.6936
LIDC-IDRI-0641,28.0625,52.40625,247.21875,0.7441
LIDC-IDRI-0641,42.0,76.0,46.0,0.501
LIDC-IDRI-0641,43.3,99.7,116.3,0.8143
LIDC-IDRI-0641,70.6,159.2,197.1,0.8194
LIDC-IDRI-0641,73.0,82.0,127.0,0.5427
LIDC-IDRI-0641,78.33333333333333,131.04166666666666,104.45833333333331,0.8267
LIDC-IDRI-0641,78.77777777777777,68.33333333333333,75.0,0.7827
LIDC-IDRI-0641,89.94827586206897,185.67733990147784,86.17980295566502,0.9338
LIDC-IDRI-0641,88.57142857142857,165.78571428571428,208.28571428571428,0.7484
LIDC-IDRI-0641,89.0,169.0,208.0,0.637
LIDC-IDRI-0641,92.0,99.5,180.5,0.7773
LIDC-IDRI-0641,168.0,156.5,215.5,0.5497
LIDC-IDRI-0641,176.0,156.0,214.0,0.5711
LIDC-IDRI-0641,178.0909090909091,143.0909090909091,197.1818181818182,0.7904
LIDC-IDRI-0641,209.6,93.2,134.6,0.6444
LIDC-IDRI-0641,213.16666666666663,114.33333333333331,138.0,0.853
LIDC-IDRI-0641,224.3684210526316,148.3684210526316,57.68421052631579,0.7237
LIDC-IDRI-0317,200.0,78.0,138.0,0.5545
LIDC-IDRI-0317,252.0921052631579,118.51315789473684,85.84210526315789,0.778
LIDC-IDRI-0059,51.333333333333336,119.66666666666669,181.0,0.5598
LIDC-IDRI-0059,56.0,125.0,136.0,0.5053
LIDC-IDRI-0059,71.5,93.0,124.0,0.5323
LIDC-IDRI-0059,161.97520661157026,190.3305785123967,194.89256198347107,0.8699
LIDC-IDRI-0059,164.0,204.0,120.5,0.7075
LIDC-IDRI-0059,240.9,155.47142857142856,58.58571428571429,0.8393
LIDC-IDRI-0408,59.8,94.0,129.2,0.7959
LIDC-IDRI-0408,61.0,74.0,89.0,0.5248
LIDC-IDRI-0408,61.5,85.5,131.5,0.5993
LIDC-IDRI-0408,176.0,76.0,42.0,0.5231
LIDC-IDRI-0408,184.0,69.0,42.0,0.6399
LIDC-IDRI-0408,187.0,88.0,13.0,0.5443
LIDC-IDRI-0408,192.4567901234568,79.52674897119341,30.304526748971192,0.8574
LIDC-IDRI-0408,192.0,80.0,38.0,0.5014
LIDC-IDRI-0408,196.4,178.6,98.6,0.6277
LIDC-IDRI-0408,205.0,100.33333333333331,117.66666666666669,0.7363
LIDC-IDRI-0408,213.6,138.8,101.4,0.7564
LIDC-IDRI-0892,35.0,151.0,168.0,0.5076
LIDC-IDRI-0892,70.47560975609755,90.8734756097561,92.11128048780488,0.9517
LIDC-IDRI-0892,73.0,191.5,168.0,0.5768
LIDC-IDRI-0892,98.03333333333332,111.86666666666666,181.9,0.8304
LIDC-IDRI-0892,176.1833976833977,117.2799227799228,175.15444015444015,0.9531
LIDC-IDRI-0892,186.09056244041943,85.21067683508103,136.50524308865587,0.9532
LIDC-IDRI-0892,205.0,91.0,95.0,0.6694
LIDC-IDRI-0076,37.02941176470589,143.23529411764707,65.6470588235294,0.9086
LIDC-IDRI-0076,92.51851851851852,146.4814814814815,216.33333333333331,0.8229
LIDC-IDRI-0076,118.83701657458565,47.82872928176796,253.21823204419888,0.9009
LIDC-IDRI-0076,133.25,53.5,32.25,0.7346
LIDC-IDRI-0076,133.83333333333334,91.66666666666669,208.66666666666663,0.6664
LIDC-IDRI-0076,134.0,53.0,35.0,0.8753
LIDC-IDRI-0076,136.0,55.0,32.5,0.7794
LIDC-IDRI-0076,201.0,100.0,29.0,0.6763
LIDC-IDRI-0713,29.341463414634145,191.5609756097561,73.1219512195122,0.9164
LIDC-IDRI-0713,45.625,158.375,90.75,0.848
LIDC-IDRI-0713,49.0,84.84615384615384,114.6153846153846,0.7881
LIDC-IDRI-0713,62.76543209876543,159.09876543209876,132.64197530864195,0.9301
LIDC-IDRI-0713,63.2,88.4,126.35,0.9114
LIDC-IDRI-0713,79.3355408388521,191.66059602649003,208.9619205298013,0.9331
LIDC-IDRI-0713,72.0,144.0,208.0,0.5495
LIDC-IDRI-0713,74.5,145.75,210.83333333333331,0.6949
LIDC-IDRI-0713,78.72,88.2,128.52,0.8642
LIDC-IDRI-0713,77.33333333333333,192.0,126.66666666666669,0.7107
LIDC-IDRI-0713,84.56565656565657,78.77777777777777,126.3939393939394,0.8721
LIDC-IDRI-0713,151.03333333333333,171.63333333333333,233.7,0.741
LIDC-IDRI-0713,151.0,166.0,234.0,0.5161
LIDC-IDRI-0713,173.0,84.0,148.0,0.592
LIDC-IDRI-0713,175.0,83.0,150.0,0.7016
LIDC-IDRI-0713,200.5,96.66666666666669,126.27777777777776,0.8484
LIDC-IDRI-0713,206.0,172.0,80.0,0.7008
LIDC-IDRI-0713,219.44444444444449,123.55555555555556,90.94444444444444,0.9072
LIDC-IDRI-0060,63.891304347826086,100.3695652173913,125.19565217391305,0.7476
LIDC-IDRI-0060,68.33333333333333,95.0,125.33333333333331,0.5943
LIDC-IDRI-0060,74.72727272727273,147.72727272727272,128.45454545454547,0.6239
LIDC-IDRI-0060,79.66666666666667,95.0,140.33333333333334,0.7564
LIDC-IDRI-0060,81.0,98.0,126.5,0.627
LIDC-IDRI-0060,85.98481561822126,123.16919739696311,211.6507592190889,0.7883
LIDC-IDRI-0060,85.0,127.0,205.0,0.5086
LIDC-IDRI-0060,86.0,87.0,166.0,0.6725
LIDC-IDRI-0060,101.0,143.0,165.0,0.6266
LIDC-IDRI-0060,105.75,156.0,136.0,0.5917
LIDC-IDRI-0060,149.0,87.0,136.0,0.5319
LIDC-IDRI-0060,172.69382716049384,112.41975308641976,192.4098765432099,0.8662
LIDC-IDRI-0060,172.0,77.66666666666667,111.33333333333331,0.6612
LIDC-IDRI-0060,184.66666666666663,76.0,94.66666666666669,0.7978
LIDC-IDRI-0060,192.12835820895523,151.83283582089553,89.98507462686567,0.9282
LIDC-IDRI-0060,194.47863247863248,125.2008547008547,175.04273504273505,0.8654
LIDC-IDRI-0060,198.8034188034188,117.72222222222224,140.32905982905982,0.9078
LIDC-IDRI-0060,202.5,135.0,147.0,0.6141
LIDC-IDRI-0041,67.0,104.66666666666669,142.66666666666666,0.702
LIDC-IDRI-0041,69.0,132.0,193.0,0.7366
LIDC-IDRI-0041,74.71428571428571,149.28571428571428,187.0,0.7662
LIDC-IDRI-0041,116.0,193.0,172.5,0.6867
LIDC-IDRI-0041,161.15384615384616,168.84382284382284,83.3030303030303,0.9184
LIDC-IDRI-0041,157.0,191.0,213.5,0.7428
LIDC-IDRI-0031,77.6,178.38333333333333,172.11666666666667,0.918
LIDC-IDRI-0031,81.0,135.0,142.5,0.7086
LIDC-IDRI-0031,93.0,178.03225806451613,218.8709677419355,0.887
LIDC-IDRI-0031,153.88970588235293,160.8044117647059,199.1117647058824,0.8766
LIDC-IDRI-0031,156.55555555555554,165.44444444444446,229.66666666666663,0.8186
LIDC-IDRI-0031,162.6153846153846,159.6153846153846,228.53846153846155,0.6757
LIDC-IDRI-0031,174.1150159744409,157.91054313099042,218.49840255591053,0.9322
LIDC-IDRI-0184,43.0,151.0,84.0,0.513
LIDC-IDRI-0184,50.0,146.0,150.5,0.7949
LIDC-IDRI-0184,69.63793103448276,135.98275862068965,126.6206896551724,0.8609
LIDC-IDRI-0184,74.0,112.0,72.0,0.5835
LIDC-IDRI-0042,39.0,134.5,93.0,0.743
LIDC-IDRI-0042,73.0,84.0,126.5,0.7679
LIDC-IDRI-0042,73.0,123.0,115.0,0.56
LIDC-IDRI-0042,79.62962962962963,92.85185185185183,125.55555555555556,0.7995
LIDC-IDRI-0042,78.875,188.0,160.125,0.8439
LIDC-IDRI-0042,80.66666666666667,180.16666666666663,80.83333333333333,0.8638
LIDC-IDRI-0042,82.0,95.0,172.0,0.5375
LIDC-IDRI-0042,87.53846153846153,85.53846153846153,138.6153846153846,0.7929
LIDC-IDRI-0042,88.85,134.0,101.05,0.8502
LIDC-IDRI-0042,88.42857142857143,197.14285714285717,116.71428571428572,0.6573
LIDC-IDRI-0042,112.5,167.5,156.5,0.7927
LIDC-IDRI-0042,144.82608695652175,183.34782608695653,162.56521739130434,0.8293
LIDC-IDRI-0042,151.0909090909091,174.63636363636363,87.5,0.8757
LIDC-IDRI-0042,178.97142857142856,188.9142857142857,101.28571428571428,0.893
LIDC-IDRI-0042,189.16666666666663,144.0,76.0,0.726
LIDC-IDRI-0042,197.94444444444449,139.05555555555554,127.0,0.8072
LIDC-IDRI-0042,199.63636363636363,139.54545454545453,177.36363636363637,0.8396
LIDC-IDRI-0042,201.5,138.0,148.5,0.815
LIDC-IDRI-0042,207.11111111111111,168.0,85.55555555555556,0.7474
LIDC-IDRI-0042,207.4,154.2,110.6,0.7485
LIDC-IDRI-0042,208.44444444444449,167.88888888888889,107.11111111111111,0.8501
LIDC-IDRI-0042,238.0,189.0,35.5,0.5661
LIDC-IDRI-0526,83.64128728414443,149.64992150706436,207.4065934065934,0.9226
LIDC-IDRI-0526,87.05263157894737,184.8421052631579,190.52631578947367,0.8528
LIDC-IDRI-0526,89.33333333333333,188.33333333333331,130.0,0.6267
LIDC-IDRI-0526,93.54814814814814,89.45925925925926,145.28148148148148,0.9196
LIDC-IDRI-0526,162.5810276679842,195.59683794466403,125.2094861660079,0.9299
LIDC-IDRI-0526,160.83333333333334,196.16666666666663,148.66666666666666,0.6438
LIDC-IDRI-0526,179.54545454545453,103.45454545454544,170.63636363636363,0.7156
LIDC-IDRI-0703,27.8,127.0,79.6,0.7826
LIDC-IDRI-0703,31.2,159.4,109.0,0.6394
LIDC-IDRI-0703,41.17777777777778,138.47222222222223,96.95555555555556,0.8466
LIDC-IDRI-0703,60.25373134328358,185.34328358208955,142.28358208955223,0.6947
LIDC-IDRI-0703,56.85714285714285,185.28571428571428,135.28571428571428,0.5991
LIDC-IDRI-0703,64.2,143.1,113.0,0.6706
LIDC-IDRI-0703,65.5,146.0,154.0,0.542
LIDC-IDRI-0703,68.77358490566037,190.11320754716985,141.16981132075472,0.7182
LIDC-IDRI-0703,68.0,143.0,77.0,0.5912
LIDC-IDRI-0703,72.31481481481481,141.33333333333334,80.9074074074074,0.813
LIDC-IDRI-0703,84.0,166.0,184.0,0.7801
LIDC-IDRI-0703,90.42370744010088,162.6733921815889,185.7313997477932,0.8695
LIDC-IDRI-0703,88.0,189.0,125.0,0.5532
LIDC-IDRI-0703,93.0,185.33333333333331,138.66666666666666,0.6241
LIDC-IDRI-0703,167.51054852320675,163.9620253164557,177.42475386779185,0.8618
LIDC-IDRI-0703,167.0,108.0,161.0,0.5464
LIDC-IDRI-0703,169.0,61.0,1.0,0.5671
LIDC-IDRI-0703,169.5,108.0,159.0,0.5843
LIDC-IDRI-0703,180.10344827586206,147.2463054187192,94.23645320197043,0.744
LIDC-IDRI-0703,198.33333333333331,173.75,147.58333333333334,0.8266
LIDC-IDRI-0703,205.41666666666663,78.08333333333333,3.4166666666666665,0.7524
LIDC-IDRI-0703,209.66666666666663,74.0,6.666666666666667,0.6556
LIDC-IDRI-0518,4.016620498614959,134.81994459833794,45.958448753462605,0.936
LIDC-IDRI-0518,100.0,88.0,252.0,0.5388
LIDC-IDRI-0518,103.5,180.0,112.0,0.6829
LIDC-IDRI-0518,181.2391304347826,164.84782608695653,187.0217391304348,0.8418
LIDC-IDRI-0518,197.15873015873012,185.47619047619048,97.61904761904762,0.9327
LIDC-IDRI-0692,14.92528735632184,196.90804597701148,153.67816091954023,0.8905
LIDC-IDRI-0692,52.66666666666666,116.0,183.33333333333331,0.7264
LIDC-IDRI-0692,61.0,94.0,176.0,0.5318
LIDC-IDRI-0692,161.66666666666666,187.33333333333331,54.0,0.7157
LIDC-IDRI-0692,218.71875,173.46875,101.09375,0.8801
LIDC-IDRI-0692,219.0,111.0,160.5,0.615
LIDC-IDRI-0470,43.0,159.33333333333334,33.333333333333336,0.8431
LIDC-IDRI-0470,59.03678724708767,161.34947884733293,176.20171673819743,0.911
LIDC-IDRI-0470,155.0,29.0,2.0,0.5039
LIDC-IDRI-0470,157.0,29.5,5.0,0.5743
LIDC-IDRI-0961,70.75,165.5,197.0,0.8567
LIDC-IDRI-0961,82.97169811320755,107.6509433962264,139.04716981132074,0.8877
LIDC-IDRI-0961,84.5,196.0,199.5,0.9155
LIDC-IDRI-0961,88.0,88.0,128.0,0.633
LIDC-IDRI-0961,103.57142857142856,119.28571428571428,192.28571428571428,0.869
LIDC-IDRI-0961,104.66666666666669,37.0,11.666666666666666,0.8133
LIDC-IDRI-0961,135.77777777777777,43.22222222222222,7.777777777777778,0.6191
LIDC-IDRI-0961,139.95833333333334,48.91666666666666,6.291666666666667,0.7043
LIDC-IDRI-0961,137.33333333333334,38.0,6.666666666666667,0.6423
LIDC-IDRI-0961,138.0,46.0,6.0,0.6039
LIDC-IDRI-0961,171.75,184.4375,201.6875,0.8808
LIDC-IDRI-0961,217.51111111111112,142.57777777777778,121.0,0.9255
LIDC-IDRI-0722,56.06593406593407,107.24175824175823,68.49450549450549,0.91
LIDC-IDRI-0722,143.5,162.0,215.0,0.6746
LIDC-IDRI-0722,197.0,77.0,108.0,0.5049
LIDC-IDRI-0722,200.38983050847455,134.27118644067798,116.50847457627118,0.8696
LIDC-IDRI-0722,212.8684210526316,124.28947368421052,100.21052631578948,0.8763
LIDC-IDRI-0722,246.8358208955224,144.97014925373134,78.5223880597015,0.7688
LIDC-IDRI-0722,247.536,150.68,71.512,0.7955
LIDC-IDRI-0576,55.0,100.0,40.5,0.6785
LIDC-IDRI-0576,86.13618677042801,143.95719844357976,187.72373540856032,0.928
LIDC-IDRI-0576,153.0,95.0,169.0,0.7431
LIDC-IDRI-0319,149.53571428571428,65.21428571428571,253.32142857142856,0.7396
LIDC-IDRI-0319,230.0,115.0,54.0,0.6837
LIDC-IDRI-1007,36.0,94.0,164.0,0.5231
LIDC-IDRI-1007,45.0,62.5,90.0,0.5773
LIDC-IDRI-1007,81.0,156.0,220.0,0.5018
LIDC-IDRI-1007,89.89655172413794,145.44827586206895,226.8275862068965,0.8467
LIDC-IDRI-1007,119.0,34.0,186.0,0.6577
LIDC-IDRI-1007,126.0,3.0,30.0,0.5537
LIDC-IDRI-1007,152.0,170.0,176.5,0.5673
LIDC-IDRI-1007,208.9438839848676,151.90037831021436,106.99936948297604,0.93
LIDC-IDRI-0124,45.0,114.4,140.2,0.7375
LIDC-IDRI-0124,65.05882352941177,116.82352941176472,181.4705882352941,0.8021
LIDC-IDRI-0124,73.0,79.0,129.0,0.7121
LIDC-IDRI-0124,90.72222222222224,160.38888888888889,193.33333333333331,0.7868
LIDC-IDRI-0124,102.66666666666669,86.77777777777777,124.66666666666669,0.6937
LIDC-IDRI-0124,116.0,152.75,127.0,0.7221
LIDC-IDRI-0124,154.4,79.2,255.0,0.5401
LIDC-IDRI-0124,160.19354838709677,164.19354838709677,199.32258064516128,0.8936
LIDC-IDRI-0124,178.4516129032258,135.0,198.6129032258065,0.9152
LIDC-IDRI-0124,185.88888888888889,108.55555555555556,178.0,0.8111
LIDC-IDRI-0124,196.85294117647055,143.54901960784315,151.52941176470588,0.9115
LIDC-IDRI-0124,208.0,148.0,123.0,0.6491
LIDC-IDRI-0714,64.0,92.0,106.5,0.6514
LIDC-IDRI-0714,68.0,95.0,116.0,0.5853
LIDC-IDRI-0714,75.12650602409639,198.8373493975904,152.42168674698794,0.8732
LIDC-IDRI-0714,91.0,99.0,189.5,0.8911
LIDC-IDRI-0714,197.0,173.0,145.0,0.6351
LIDC-IDRI-0773,57.55555555555556,108.44444444444444,101.66666666666669,0.842
LIDC-IDRI-0773,67.48546042003231,125.4474959612278,202.1324717285945,0.8895
LIDC-IDRI-0773,61.71264367816092,159.28735632183907,200.71264367816093,0.9106
LIDC-IDRI-0773,90.0,83.0,130.0,0.5779
LIDC-IDRI-0773,143.0,60.0,34.5,0.5825
LIDC-IDRI-0773,144.0,56.0,35.5,0.5645
LIDC-IDRI-0773,176.0,73.0,40.0,0.7155
LIDC-IDRI-0773,187.0,171.85714285714286,112.14285714285714,0.7735
LIDC-IDRI-0773,205.22222222222223,86.44444444444444,96.55555555555556,0.6388
LIDC-IDRI-0199,45.0,157.0,128.5,0.5445
LIDC-IDRI-0199,49.4,130.4,153.8,0.6567
LIDC-IDRI-0199,52.833333333333336,149.16666666666666,203.33333333333331,0.7958
LIDC-IDRI-0199,69.5,94.0,128.0,0.7198
LIDC-IDRI-0199,73.0,93.0,123.0,0.5007
LIDC-IDRI-0199,99.69054441260744,165.64469914040114,182.94269340974213,0.9099
LIDC-IDRI-0199,165.5,183.75,93.0,0.8628
LIDC-IDRI-0199,195.0,98.0,163.0,0.5332
LIDC-IDRI-0199,207.0,164.0,180.0,0.667
LIDC-IDRI-0199,210.33333333333331,141.66666666666666,176.5,0.8015
LIDC-IDRI-0199,211.7142857142857,130.07142857142858,59.85714285714285,0.8382
LIDC-IDRI-0199,234.0,195.0,1.0,0.517
LIDC-IDRI-0325,42.24561403508772,94.59649122807018,189.40350877192984,0.874
LIDC-IDRI-0325,49.19444444444444,91.33333333333331,191.77777777777777,0.7375
LIDC-IDRI-0325,57.0,127.0,123.0,0.5336
LIDC-IDRI-0325,64.0,164.0,162.0,0.6606
LIDC-IDRI-0325,68.0,108.0,129.0,0.573
LIDC-IDRI-0325,85.0,156.0,197.0,0.5273
LIDC-IDRI-0325,110.0,183.5,142.0,0.6235
LIDC-IDRI-0325,207.0,167.0,78.0,0.6275
LIDC-IDRI-0325,252.54054054054052,181.02702702702703,250.54054054054052,0.8074
LIDC-IDRI-0325,255.0,182.0,246.0,0.5452
LIDC-IDRI-0989,62.3125,165.95833333333334,122.27083333333331,0.8528
LIDC-IDRI-0676,53.0,124.0,201.0,0.5058
LIDC-IDRI-0676,71.0,101.66666666666669,214.33333333333331,0.5714
LIDC-IDRI-0676,81.5,60.333333333333336,98.33333333333331,0.7205
LIDC-IDRI-0676,167.0,94.0,215.0,0.6358
LIDC-IDRI-0676,174.33333333333334,91.66666666666669,212.0,0.7368
LIDC-IDRI-0676,210.0,92.0,1.0,0.5527
LIDC-IDRI-0676,211.0,82.0,113.0,0.6369
LIDC-IDRI-0676,214.22222222222223,158.91666666666666,97.02777777777776,0.883
LIDC-IDRI-0676,213.54545454545453,88.0909090909091,3.1818181818181817,0.6605
LIDC-IDRI-0676,220.0,160.0,82.5,0.6169
LIDC-IDRI-0416,55.0,212.0,84.5,0.5187
LIDC-IDRI-0416,89.52631578947368,201.21052631578948,205.7894736842105,0.7471
LIDC-IDRI-0416,184.0,95.0,24.0,0.6248
LIDC-IDRI-0416,184.0,130.0,170.5,0.5998
LIDC-IDRI-0416,192.5,198.0,147.0,0.5194
LIDC-IDRI-0416,197.14285714285717,76.42857142857143,36.0,0.7929
LIDC-IDRI-0628,41.2962962962963,170.8148148148148,78.37037037037037,0.8616
LIDC-IDRI-0628,50.5,117.5,152.5,0.9125
LIDC-IDRI-0628,58.23913043478261,99.3695652173913,145.04347826086956,0.888
LIDC-IDRI-0628,64.0,77.0,95.0,0.7317
LIDC-IDRI-0628,74.0,110.0,216.0,0.6449
LIDC-IDRI-0628,90.0,51.0,26.0,0.7008
LIDC-IDRI-0628,92.66666666666669,182.33333333333331,55.5,0.7244
LIDC-IDRI-0628,93.25,55.0,14.75,0.6401
LIDC-IDRI-0628,106.5,64.5,37.5,0.5864
LIDC-IDRI-0628,109.0,61.0,36.0,0.5266
LIDC-IDRI-0628,119.0,55.0,45.0,0.6624
LIDC-IDRI-0628,197.0,181.0,67.5,0.8463
LIDC-IDRI-0628,204.0,140.0,77.0,0.8333
LIDC-IDRI-0628,226.5,111.0,110.0,0.676
LIDC-IDRI-0628,226.66666666666663,120.0,105.33333333333331,0.6934
LIDC-IDRI-0628,226.0,146.5,74.5,0.6789
LIDC-IDRI-0628,226.0,160.0,63.0,0.7782
LIDC-IDRI-0291,32.9,168.4,131.55,0.7356
LIDC-IDRI-0291,78.2,93.0,218.4,0.7926
LIDC-IDRI-0291,84.0,229.0,106.5,0.5576
LIDC-IDRI-0291,86.0,231.0,106.0,0.5217
LIDC-IDRI-0291,90.07407407407408,92.25925925925924,67.07407407407408,0.7462
LIDC-IDRI-0291,91.66666666666669,155.33333333333334,150.0,0.5444
LIDC-IDRI-0291,154.96428571428572,84.28571428571429,205.4642857142857,0.7613
LIDC-IDRI-0291,163.5,82.0,205.0,0.6968
LIDC-IDRI-0291,172.0,79.0,144.0,0.5662
LIDC-IDRI-0291,175.5,95.0,208.0,0.8277
LIDC-IDRI-0291,206.75,63.5,100.75,0.7378
LIDC-IDRI-0291,207.0,162.0,91.0,0.6255
LIDC-IDRI-0291,238.0,131.0,40.0,0.6692
LIDC-IDRI-0291,242.0,132.5737704918033,39.540983606557376,0.8792
LIDC-IDRI-0212,30.666666666666668,50.5,203.4333333333333,0.7649
LIDC-IDRI-0212,72.42857142857143,129.57142857142858,178.85714285714286,0.7706
LIDC-IDRI-0212,150.0,130.5,218.5,0.8642
LIDC-IDRI-0152,108.51282051282053,99.4102564102564,112.56410256410255,0.8359
LIDC-IDRI-0639,63.0,118.33333333333331,195.66666666666663,0.7018
LIDC-IDRI-0639,70.775,175.35,189.625,0.868
LIDC-IDRI-0590,62.0,107.0,82.0,0.545
LIDC-IDRI-0590,67.5,176.625,81.0,0.6039
LIDC-IDRI-0590,71.0,179.5,81.0,0.6693
LIDC-IDRI-0590,81.0,184.0,82.0,0.5161
LIDC-IDRI-0590,83.0,184.0,83.0,0.5742
LIDC-IDRI-0590,208.58823529411765,126.38235294117646,132.23529411764707,0.8639
LIDC-IDRI-0590,216.8,158.4,249.6,0.6149
LIDC-IDRI-0590,248.52857142857144,156.15714285714284,49.51428571428571,0.7206
LIDC-IDRI-0590,250.33333333333331,157.0,42.66666666666666,0.6065
LIDC-IDRI-0017,68.0,92.0,163.0,0.54
LIDC-IDRI-0017,72.0,73.5,112.0,0.6076
LIDC-IDRI-0017,156.95833333333334,168.83333333333334,174.79166666666666,0.9192
LIDC-IDRI-0017,217.0,103.0,79.5,0.6468
LIDC-IDRI-0661,23.444444444444443,92.66666666666669,198.83333333333331,0.7161
LIDC-IDRI-0661,28.307692307692307,92.07692307692308,200.3846153846154,0.6729
LIDC-IDRI-0661,26.571428571428573,94.85714285714286,200.2142857142857,0.8926
LIDC-IDRI-0661,27.0,94.0,193.0,0.7137
LIDC-IDRI-0661,27.0,94.0,195.0,0.6677
LIDC-IDRI-0661,46.0,86.0,208.5,0.7734
LIDC-IDRI-0661,58.0,166.66666666666666,117.66666666666669,0.6833
LIDC-IDRI-0661,63.66666666666666,79.88888888888889,209.0,0.6579
LIDC-IDRI-0661,64.75,163.875,194.125,0.7715
LIDC-IDRI-0661,66.0,79.0,211.0,0.5228
LIDC-IDRI-0661,68.33333333333333,102.55555555555556,121.22222222222224,0.6944
LIDC-IDRI-0661,77.87089947089947,147.17619047619047,203.7137566137566,0.8794
LIDC-IDRI-0661,72.82352941176471,138.1764705882353,191.2941176470588,0.72
LIDC-IDRI-0661,74.0,142.0,182.5,0.6415
LIDC-IDRI-0661,75.66666666666667,134.66666666666666,193.0,0.7097
LIDC-IDRI-0661,80.5,156.0,198.0,0.6572
LIDC-IDRI-0661,81.0,140.0,186.5,0.6341
LIDC-IDRI-0661,84.2,70.5,211.7,0.7263
LIDC-IDRI-0661,84.0,72.0,215.0,0.5412
LIDC-IDRI-0661,85.0,142.0,191.0,0.5186
LIDC-IDRI-0661,87.375,74.375,215.375,0.846
LIDC-IDRI-0661,89.33333333333333,72.0,212.0,0.6094
LIDC-IDRI-0661,101.625,155.25,214.375,0.706
LIDC-IDRI-0661,105.5,71.0,217.5,0.6292
LIDC-IDRI-0661,107.0,67.0,216.5,0.679
LIDC-IDRI-0661,144.66666666666666,72.0,169.0,0.5712
LIDC-IDRI-0661,160.0,113.0,207.0,0.5534
LIDC-IDRI-0661,214.16666666666663,134.41666666666666,84.66666666666667,0.8357
LIDC-IDRI-0256,41.0,132.0,83.0,0.5141
LIDC-IDRI-0256,71.0,193.0,83.0,0.5034
LIDC-IDRI-0256,103.45454545454544,197.0909090909091,92.9090909090909,0.8177
LIDC-IDRI-0010,103.14285714285714,179.71428571428572,138.42857142857142,0.7913
LIDC-IDRI-0010,150.31578947368422,159.94736842105263,194.42105263157896,0.9001
LIDC-IDRI-0010,179.2,117.0,100.6,0.7389
LIDC-IDRI-0739,118.48529411764706,206.98529411764707,222.4264705882353,0.8085
LIDC-IDRI-0739,117.625,208.75,217.5,0.7138
LIDC-IDRI-0739,169.5,180.0,125.0,0.6899
LIDC-IDRI-0352,71.18181818181819,175.27272727272728,184.45454545454547,0.7722
LIDC-IDRI-0352,83.17948717948718,140.35897435897436,231.84615384615384,0.7621
LIDC-IDRI-0352,89.0,84.0,131.0,0.7894
LIDC-IDRI-0352,151.0,156.0,216.0,0.5345
LIDC-IDRI-0818,26.9375,71.1875,7.625,0.7867
LIDC-IDRI-0818,151.0,127.0,185.0,0.5568
LIDC-IDRI-0818,158.625,164.25,232.875,0.8065
LIDC-IDRI-0818,184.0,72.0,128.0,0.6743
LIDC-IDRI-0818,194.66666666666663,47.0,109.33333333333331,0.7341
LIDC-IDRI-0902,74.53846153846153,78.03846153846153,143.69230769230768,0.8089
LIDC-IDRI-0902,75.5,72.33333333333333,141.66666666666666,0.6763
LIDC-IDRI-0902,152.31034482758622,174.72413793103448,51.75862068965517,0.7556
LIDC-IDRI-0902,209.5,83.0,136.0,0.6336
LIDC-IDRI-0902,225.8823529411765,101.88235294117646,86.23529411764706,0.7796
LIDC-IDRI-0445,10.0,200.0,30.0,0.7299
LIDC-IDRI-0445,48.25,156.25,16.25,0.5786
LIDC-IDRI-0445,63.0,95.0,168.5,0.6891
LIDC-IDRI-0445,63.0,140.0,132.0,0.63
LIDC-IDRI-0445,86.0,80.0,2.0,0.5348
LIDC-IDRI-0445,87.0,207.0,186.0,0.5568
LIDC-IDRI-0445,168.80357142857142,193.7321428571429,209.4642857142857,0.9095
LIDC-IDRI-0445,191.33333333333331,111.33333333333331,176.0,0.7803
LIDC-IDRI-0445,203.5,139.0,210.0,0.6144
LIDC-IDRI-0445,213.0,172.0,150.0,0.5212
LIDC-IDRI-0278,21.666666666666668,79.0,188.66666666666663,0.5203
LIDC-IDRI-0278,24.0,79.0,184.0,0.5384
LIDC-IDRI-0278,29.178571428571427,75.82142857142857,185.9642857142857,0.7383
LIDC-IDRI-0278,48.0,65.0,196.0,0.5723
LIDC-IDRI-0278,70.0,150.5,61.5,0.5252
LIDC-IDRI-0278,82.0,83.5,100.14285714285714,0.8222
LIDC-IDRI-0278,83.16666666666667,170.56666666666666,107.06666666666666,0.8585
LIDC-IDRI-0278,83.0,109.5,158.5,0.8743
LIDC-IDRI-0278,84.0,95.0,95.0,0.7407
LIDC-IDRI-0278,204.5,135.5,158.75,0.6665
LIDC-IDRI-0423,15.0,88.0,88.0,0.5319
LIDC-IDRI-0423,23.3,176.2,88.0,0.6661
LIDC-IDRI-0423,27.0,172.0,209.0,0.5876
LIDC-IDRI-0423,38.958333333333336,39.41666666666666,22.791666666666668,0.8326
LIDC-IDRI-0423,66.27272727272727,120.0,59.90909090909091,0.7142
LIDC-IDRI-0423,83.0,144.0,173.0,0.6081
LIDC-IDRI-0423,84.0,55.0,4.5,0.788
LIDC-IDRI-0423,108.0,47.0,36.0,0.8204
LIDC-IDRI-0423,116.0,48.0,32.0,0.5426
LIDC-IDRI-0423,127.7391304347826,244.3726708074534,241.90683229813664,0.8362
LIDC-IDRI-0423,120.0,52.0,7.0,0.6977
LIDC-IDRI-0423,124.5,53.0,7.0,0.7131
LIDC-IDRI-0423,124.25,242.0,243.75,0.6224
LIDC-IDRI-0423,126.0,237.0,247.0,0.7605
LIDC-IDRI-0423,131.0,247.0,246.0,0.5848
LIDC-IDRI-0423,170.56521739130434,32.95652173913044,141.91304347826087,0.7463
LIDC-IDRI-0423,173.5,31.0,143.0,0.6576
LIDC-IDRI-0423,180.7574094401756,82.73216245883644,155.72008781558728,0.96
LIDC-IDRI-0423,193.30769230769232,41.46153846153846,142.84615384615384,0.725
LIDC-IDRI-0423,196.0,43.5,143.0,0.5774
LIDC-IDRI-0423,209.0,59.66666666666666,138.33333333333334,0.5642
LIDC-IDRI-0423,211.84615384615384,49.80769230769231,141.80769230769232,0.7731
LIDC-IDRI-0423,216.0,48.0,142.0,0.5322
LIDC-IDRI-0423,225.1764705882353,71.23529411764706,135.8235294117647,0.7153
LIDC-IDRI-0423,231.5309090909091,64.32363636363637,137.64,0.8276
LIDC-IDRI-0423,240.66666666666663,87.66666666666667,133.33333333333334,0.5139
LIDC-IDRI-0423,244.0,82.0,135.0,0.5371
LIDC-IDRI-0423,244.0,88.0,168.0,0.5117
LIDC-IDRI-0423,246.0,81.0,134.5,0.7286
LIDC-IDRI-0242,84.625,179.0625,202.75,0.7902
LIDC-IDRI-0242,194.98512396694213,159.95785123966942,187.75537190082645,0.9397
LIDC-IDRI-0912,64.0,192.5,51.5,0.8104
LIDC-IDRI-0912,67.33333333333333,198.83333333333331,108.16666666666669,0.8003
LIDC-IDRI-0912,107.6605504587156,196.3302752293578,178.05504587155963,0.7815
LIDC-IDRI-0912,117.5,175.5,47.0,0.8945
LIDC-IDRI-0912,190.64634146341464,200.64634146341464,61.426829268292686,0.9195
LIDC-IDRI-0912,192.04166666666663,189.08333333333331,163.95833333333334,0.7137
LIDC-IDRI-0912,196.16666666666663,180.0,145.58333333333334,0.6112
LIDC-IDRI-0912,204.8823529411765,174.76470588235293,130.94117647058823,0.735
LIDC-IDRI-0162,64.0,90.5,120.0,0.7928
LIDC-IDRI-0162,74.1470588235294,105.72058823529412,149.64705882352942,0.8698
LIDC-IDRI-0162,160.66666666666666,177.0,197.66666666666663,0.6085
LIDC-IDRI-0162,180.0,88.0,151.0,0.5013
LIDC-IDRI-0162,210.5,123.5,143.0,0.679
LIDC-IDRI-0942,41.36363636363637,154.08333333333334,95.74242424242424,0.9041
LIDC-IDRI-0942,51.625,150.046875,166.046875,0.9031
LIDC-IDRI-0942,55.907485281749366,177.26576955424727,92.5407905803196,0.9068
LIDC-IDRI-0942,58.0,167.0,183.0,0.5799
LIDC-IDRI-0942,63.34319526627219,164.14792899408283,97.02366863905326,0.7844
LIDC-IDRI-0942,62.333333333333336,146.16666666666666,160.33333333333334,0.6831
LIDC-IDRI-0942,72.0,168.0,208.0,0.8461
LIDC-IDRI-0942,75.0,125.33333333333331,194.0,0.6729
LIDC-IDRI-0942,143.0,106.0,163.0,0.6566
LIDC-IDRI-0942,152.0,92.0,208.0,0.5206
LIDC-IDRI-0568,44.45238095238095,109.61904761904762,140.0,0.9212
LIDC-IDRI-0568,46.67857142857143,93.64285714285714,146.46428571428572,0.8075
LIDC-IDRI-0568,52.05,132.0,147.35,0.9267
LIDC-IDRI-0568,59.0,98.0,172.0,0.5005
LIDC-IDRI-0568,73.35,170.1,203.65,0.8829
LIDC-IDRI-0568,83.33333333333333,60.66666666666666,149.0,0.8435
LIDC-IDRI-0568,155.13333333333333,182.6,161.8,0.767
LIDC-IDRI-0568,155.0,159.0,215.0,0.6524
LIDC-IDRI-0568,180.66666666666663,188.66666666666663,88.0,0.6716
LIDC-IDRI-0568,192.0,72.0,88.0,0.516
LIDC-IDRI-0981,98.1,163.4,226.6,0.6965
LIDC-IDRI-0981,97.0,164.5,229.0,0.568
LIDC-IDRI-0981,168.0,167.0,190.5,0.7549
LIDC-IDRI-0981,191.625,93.203125,5.921875,0.7221
LIDC-IDRI-0981,192.0,90.0,8.0,0.7755
LIDC-IDRI-0981,192.0,99.25,7.75,0.7547
LIDC-IDRI-0981,205.0,77.0,96.0,0.5349
LIDC-IDRI-0113,47.10526315789474,155.10526315789474,111.47368421052632,0.6806
LIDC-IDRI-0113,173.0,158.0,72.0,0.5099
LIDC-IDRI-0113,204.0,134.0,117.0,0.5673
LIDC-IDRI-0113,230.3,55.3,208.2,0.5888
LIDC-IDRI-0923,41.43478260869565,87.04347826086956,117.80434782608695,0.9058
LIDC-IDRI-0923,41.27272727272727,102.0,167.45454545454547,0.8015
LIDC-IDRI-0923,46.25,177.25,190.75,0.8925
LIDC-IDRI-0923,209.0,85.0,64.0,0.5605
LIDC-IDRI-0149,39.0,161.0,91.0,0.7728
LIDC-IDRI-0149,75.0,64.0,32.0,0.673
LIDC-IDRI-0149,113.0,185.0,174.5,0.9399
LIDC-IDRI-0149,182.05263157894737,199.47368421052636,142.94736842105263,0.9203
LIDC-IDRI-0766,58.92546583850932,129.56521739130434,95.14906832298136,0.9271
LIDC-IDRI-0766,128.0,88.0,240.0,0.6466
LIDC-IDRI-0766,186.0,145.0,162.0,0.5585
LIDC-IDRI-0766,197.1015625,179.9375,65.5078125,0.789
LIDC-IDRI-0510,70.86315789473684,191.10526315789477,101.49473684210528,0.9009
LIDC-IDRI-0510,104.12903225806453,183.80645161290323,90.08064516129032,0.9005
LIDC-IDRI-0510,110.2,138.6,72.6,0.6646
LIDC-IDRI-0510,113.66666666666669,86.66666666666667,115.0,0.6161
LIDC-IDRI-0510,161.46,205.0,35.18,0.7172
LIDC-IDRI-0510,175.45098039215685,202.7450980392157,79.86274509803921,0.8903
LIDC-IDRI-0593,53.66666666666666,148.0,80.33333333333333,0.6943
LIDC-IDRI-0593,202.6,108.4,149.2,0.7126
LIDC-IDRI-0854,43.21052631578947,81.73684210526316,75.05263157894737,0.8842
LIDC-IDRI-0854,50.16279069767442,88.32558139534883,92.4186046511628,0.9159
LIDC-IDRI-0854,60.66666666666666,93.66666666666669,141.5,0.8271
LIDC-IDRI-0854,118.0,142.0,78.0,0.6003
LIDC-IDRI-0854,205.33333333333331,67.5,63.333333333333336,0.8193
LIDC-IDRI-0854,226.0,129.5,77.0,0.7289
LIDC-IDRI-0674,29.0,124.66666666666669,95.33333333333331,0.7179
LIDC-IDRI-0674,47.0,89.5,123.0,0.5435
LIDC-IDRI-0674,58.16666666666666,100.0,189.91666666666663,0.8848
LIDC-IDRI-0674,75.85714285714286,160.57142857142858,232.0,0.6711
LIDC-IDRI-0674,74.5,200.0,253.0,0.6494
LIDC-IDRI-0674,91.0,192.5,125.0,0.7884
LIDC-IDRI-0674,93.0,193.0,125.0,0.5131
LIDC-IDRI-0674,150.5,193.75,112.375,0.8199
LIDC-IDRI-0674,151.0,168.0,127.0,0.5476
LIDC-IDRI-0674,154.16666666666666,197.16666666666663,83.0,0.8418
LIDC-IDRI-0674,200.2,195.1,102.6,0.8285
LIDC-IDRI-0674,212.0,88.0,85.0,0.666
LIDC-IDRI-0674,235.875,149.625,89.375,0.8734
LIDC-IDRI-0635,81.60322580645162,201.7935483870968,103.20645161290322,0.9326
LIDC-IDRI-0635,192.0,84.0,129.5,0.685
LIDC-IDRI-0635,195.25,181.25,122.75,0.5636
LIDC-IDRI-0456,34.53333333333333,109.7,93.6,0.8564
LIDC-IDRI-0456,91.8,93.0,141.6,0.9274
LIDC-IDRI-0456,108.0,181.0,190.5,0.6544
LIDC-IDRI-0456,207.2,184.0,27.8,0.602
LIDC-IDRI-0456,228.7924528301887,91.66037735849056,76.20754716981132,0.9416
LIDC-IDRI-0597,158.0,171.0,88.0,0.8306
LIDC-IDRI-0597,168.09774436090223,175.90225563909777,210.9323308270677,0.8892
LIDC-IDRI-0597,177.0,95.0,180.5,0.5567
LIDC-IDRI-0597,183.0,84.5,163.5,0.5774
LIDC-IDRI-0597,221.5,114.5,104.75,0.5578
LIDC-IDRI-0154,28.0,87.0,76.0,0.6073
LIDC-IDRI-0154,75.0,79.0,88.0,0.5759
LIDC-IDRI-0154,83.29629629629629,116.33333333333331,91.92592592592592,0.7657
LIDC-IDRI-0154,190.0,90.5,184.5,0.5843
LIDC-IDRI-0154,194.0,172.0,114.0,0.5935
LIDC-IDRI-0154,199.4406779661017,153.4322033898305,125.5,0.796
LIDC-IDRI-0154,197.0,104.0,203.0,0.5064
LIDC-IDRI-0154,201.73684210526315,184.7894736842105,97.26315789473684,0.6939
LIDC-IDRI-0154,216.0,88.0,16.0,0.5391
LIDC-IDRI-0154,219.2,164.12727272727273,96.52727272727272,0.7908
LIDC-IDRI-0154,230.334879406308,134.0074211502783,98.71799628942486,0.909
LIDC-IDRI-0154,226.0,146.0,4.0,0.5726
LIDC-IDRI-0154,231.95454545454547,126.86363636363636,99.36363636363636,0.7147
LIDC-IDRI-0742,40.833333333333336,154.0,125.33333333333331,0.7064
LIDC-IDRI-0742,48.6,139.6,132.8,0.606
LIDC-IDRI-0742,67.0,163.5,163.0,0.6136
LIDC-IDRI-0742,114.45454545454544,192.0909090909091,160.8181818181818,0.7764
LIDC-IDRI-0742,178.25,214.5,140.5,0.6425
LIDC-IDRI-0820,19.0,141.0,24.0,0.5983
LIDC-IDRI-0820,35.0,99.0,147.0,0.7207
LIDC-IDRI-0820,44.0,95.0,204.0,0.7122
LIDC-IDRI-0820,65.0,117.0,172.5,0.7949
LIDC-IDRI-0820,72.35714285714286,148.35714285714286,160.5,0.6702
LIDC-IDRI-0820,78.14285714285714,136.85714285714286,160.0,0.6198
LIDC-IDRI-0820,81.0,184.0,79.0,0.5006
LIDC-IDRI-0820,114.75,131.54545454545453,227.9318181818182,0.8666
LIDC-IDRI-0820,116.0,151.0,231.0,0.5056
LIDC-IDRI-0820,124.5,255.0,169.0,0.6285
LIDC-IDRI-0820,170.0,177.0,111.0,0.6772
LIDC-IDRI-0820,224.0,95.0,4.5,0.5466
LIDC-IDRI-0583,33.5,136.5,104.0,0.6771
LIDC-IDRI-0583,44.0,139.14285714285714,157.92857142857142,0.9002
LIDC-IDRI-0583,50.0,124.33333333333331,177.33333333333334,0.7572
LIDC-IDRI-0583,53.57142857142857,142.42857142857142,165.42857142857142,0.7606
LIDC-IDRI-0583,54.5,138.0,184.0,0.5415
LIDC-IDRI-0583,61.0,130.0,142.0,0.7001
LIDC-IDRI-0583,86.0,94.0,122.0,0.7474
LIDC-IDRI-0583,100.96296296296296,199.07407407407408,142.2962962962963,0.9377
LIDC-IDRI-0583,175.93023255813952,208.8139534883721,141.41860465116278,0.8924
LIDC-IDRI-0583,184.375,208.125,246.625,0.6088
LIDC-IDRI-0583,218.2,167.4,72.4,0.7631
LIDC-IDRI-0583,222.0,138.0,77.0,0.6364
LIDC-IDRI-0939,60.72222222222222,144.2017543859649,207.43859649122808,0.9131
LIDC-IDRI-0939,59.333333333333336,134.33333333333334,113.0,0.7931
LIDC-IDRI-0939,82.0,174.0,216.0,0.5491
LIDC-IDRI-0919,42.0,136.33333333333334,97.33333333333331,0.678
LIDC-IDRI-0919,45.0,155.0,143.5,0.7675
LIDC-IDRI-0919,71.75,195.25,136.75,0.6739
LIDC-IDRI-0919,87.5,84.0,219.0,0.5081
LIDC-IDRI-0919,88.28571428571429,191.57142857142856,183.42857142857144,0.6793
LIDC-IDRI-0919,164.6,179.7,70.2,0.6642
LIDC-IDRI-0919,184.73205741626796,155.82296650717703,72.54545454545455,0.8974
LIDC-IDRI-0859,115.0,202.5,129.0,0.788
LIDC-IDRI-0859,189.0,84.0,40.0,0.6981
LIDC-IDRI-0859,191.1875,182.125,32.375,0.6508
LIDC-IDRI-0859,192.0,186.0,32.0,0.5201
LIDC-IDRI-0859,218.54166666666663,119.79166666666669,174.5,0.8639
LIDC-IDRI-0859,223.0,192.0,159.0,0.6323
LIDC-IDRI-0394,39.16666666666666,182.16666666666663,134.66666666666666,0.8448
LIDC-IDRI-0394,46.142857142857146,143.47619047619048,150.9047619047619,0.8908
LIDC-IDRI-0394,45.0,167.0,95.0,0.5824
LIDC-IDRI-0394,48.55555555555556,186.88888888888889,126.33333333333331,0.7259
LIDC-IDRI-0394,65.67105263157895,78.23684210526316,119.55263157894736,0.8409
LIDC-IDRI-0394,68.5,143.0,190.0,0.6133
LIDC-IDRI-0394,74.28,93.84,151.56,0.8333
LIDC-IDRI-0394,74.0,111.0,209.0,0.5101
LIDC-IDRI-0394,78.0,146.0,235.5,0.546
LIDC-IDRI-0394,92.0,118.0,158.0,0.5196
LIDC-IDRI-0394,99.4,176.4,209.0,0.831
LIDC-IDRI-0394,194.0,190.0,149.0,0.5385
LIDC-IDRI-0394,205.42857142857144,173.57142857142858,148.42857142857142,0.8621
LIDC-IDRI-0394,213.92857142857144,122.07142857142856,81.42857142857143,0.7581
LIDC-IDRI-0499,38.7948717948718,31.128205128205128,32.282051282051285,0.7524
LIDC-IDRI-0499,43.125,75.75,118.875,0.7091
LIDC-IDRI-0499,67.6969696969697,85.0,174.5151515151515,0.8159
LIDC-IDRI-0499,71.0,88.0,204.0,0.5093
LIDC-IDRI-0499,84.0,152.4,234.0,0.7438
LIDC-IDRI-0499,141.0,168.0,175.0,0.5386
LIDC-IDRI-0499,158.07692307692307,213.07692307692307,229.7692307692308,0.6106
LIDC-IDRI-0499,179.89473684210526,197.05263157894737,252.6447368421053,0.7889
LIDC-IDRI-0499,215.75,136.75,172.25,0.595
LIDC-IDRI-0499,245.79156327543424,185.1414392059553,247.8560794044665,0.8559
LIDC-IDRI-0157,93.42857142857144,117.61904761904762,218.33333333333331,0.791
LIDC-IDRI-0157,111.0,72.0,24.0,0.5392
LIDC-IDRI-0157,138.0,64.0,255.0,0.5228
LIDC-IDRI-0157,140.0,65.0,255.0,0.7076
LIDC-IDRI-0157,143.0,69.0,255.0,0.5843
LIDC-IDRI-0157,143.0,71.5,255.0,0.6412
LIDC-IDRI-0157,207.0,155.5,106.0,0.6552
LIDC-IDRI-0272,4.769230769230769,147.15384615384616,77.84615384615384,0.6297
LIDC-IDRI-0272,171.0,200.0,129.5,0.7935
LIDC-IDRI-0565,56.2,114.6,142.6,0.7342
LIDC-IDRI-0565,62.241379310344826,196.68965517241375,128.24137931034485,0.8131
LIDC-IDRI-0565,137.0,36.0,32.0,0.5635
LIDC-IDRI-0565,141.875,39.0,34.875,0.8081
LIDC-IDRI-0565,145.0,41.0,37.0,0.5558
LIDC-IDRI-0565,155.0,44.0,47.0,0.5528
LIDC-IDRI-0565,179.95076923076925,147.26615384615386,184.06615384615384,0.9484
LIDC-IDRI-0565,183.4,92.4,141.8,0.5741
LIDC-IDRI-0565,191.66666666666663,137.0,78.33333333333333,0.6846
LIDC-IDRI-0565,209.5,135.5,119.0,0.748
LIDC-IDRI-0175,181.0,140.5,225.0,0.7453
LIDC-IDRI-0175,205.35374149659864,122.06122448979592,160.64625850340136,0.9117
LIDC-IDRI-0121,31.0,124.0,7.0,0.502
LIDC-IDRI-0121,146.0,45.0,16.0,0.712
LIDC-IDRI-0121,175.0,107.0,151.0,0.6075
LIDC-IDRI-0520,81.0,157.0,211.0,0.6556
LIDC-IDRI-0520,113.8,68.4,96.6,0.7486
LIDC-IDRI-0520,143.0,64.0,125.0,0.5407
LIDC-IDRI-0520,179.6,112.8,202.6,0.819
LIDC-IDRI-0520,207.0,93.35714285714286,167.35714285714286,0.8418
LIDC-IDRI-0520,217.5,163.5,107.0,0.8985
LIDC-IDRI-0520,224.0,86.0,58.0,0.5344
LIDC-IDRI-0520,225.1904761904762,87.33333333333333,60.42857142857143,0.7233
LIDC-IDRI-0943,113.0,167.0,41.0,0.6809
LIDC-IDRI-0943,194.0,82.0,0.0,0.5664
LIDC-IDRI-0943,198.0,85.25,8.75,0.6294
LIDC-IDRI-0943,200.0,88.0,8.0,0.7849
LIDC-IDRI-0473,21.384615384615383,111.23076923076924,77.0,0.8386
LIDC-IDRI-0473,32.0,137.0,147.0,0.6397
LIDC-IDRI-0473,85.0,41.88235294117647,57.64705882352941,0.7842
LIDC-IDRI-0473,116.0,70.0,240.0,0.5897
LIDC-IDRI-0473,118.25,68.25,240.5,0.5705
LIDC-IDRI-0473,122.0,66.33333333333333,241.33333333333331,0.558
LIDC-IDRI-0473,122.0,69.66666666666667,238.66666666666663,0.6188
LIDC-IDRI-0015,158.12449255751014,127.84979702300406,217.93910690121783,0.8697
LIDC-IDRI-0015,155.8,149.6,14.4,0.6685
LIDC-IDRI-0015,192.66666666666663,125.5,199.33333333333331,0.7551
LIDC-IDRI-0015,224.0,51.66666666666666,184.33333333333331,0.6326
LIDC-IDRI-0442,138.46153846153845,64.46153846153847,245.92307692307693,0.6305
LIDC-IDRI-0442,168.0,176.0,162.0,0.6564
LIDC-IDRI-0442,168.66666666666666,176.0,176.33333333333334,0.6325
LIDC-IDRI-0442,185.0,132.0,193.0,0.6553
LIDC-IDRI-0442,225.0,121.0,75.0,0.5361
LIDC-IDRI-0442,247.5,170.5,1.0,0.626
LIDC-IDRI-0442,255.0,150.0,250.0,0.5695
LIDC-IDRI-0007,59.0,83.0,46.0,0.9008
LIDC-IDRI-0007,97.36945304437565,145.77296181630547,191.97420020639836,0.8802
LIDC-IDRI-0007,152.2741935483871,157.30645161290323,74.70967741935483,0.7139
LIDC-IDRI-0007,153.5,158.33333333333334,70.0,0.5919
LIDC-IDRI-0007,153.0,176.0,78.5,0.6209
LIDC-IDRI-0007,171.0,139.0,31.0,0.5982
LIDC-IDRI-0007,173.0,139.0,28.0,0.6188
LIDC-IDRI-0007,182.0,106.0,32.0,0.6364
LIDC-IDRI-0007,189.75,172.25,73.25,0.6139
LIDC-IDRI-0181,50.0,168.0,47.0,0.7376
LIDC-IDRI-0181,57.0,135.0,93.0,0.5765
LIDC-IDRI-0181,58.0,144.0,203.0,0.5139
LIDC-IDRI-0181,156.53021978021977,164.77472527472528,129.4368131868132,0.925
LIDC-IDRI-0181,162.73664122137404,150.32824427480915,187.41603053435117,0.9088
LIDC-IDRI-0181,173.5672514619883,175.0233918128655,108.94152046783626,0.8951
LIDC-IDRI-0181,182.6296296296296,179.74074074074073,142.4814814814815,0.917
LIDC-IDRI-0181,189.7142857142857,180.7142857142857,122.68571428571428,0.9203
LIDC-IDRI-0409,45.55172413793103,171.6551724137931,118.96551724137932,0.8457
LIDC-IDRI-0409,86.5,105.5,209.5,0.7726
LIDC-IDRI-0409,88.0,180.0,179.0,0.6022
LIDC-IDRI-0409,92.64516129032258,187.6290322580645,38.54838709677419,0.9362
LIDC-IDRI-0409,95.0,86.5,194.0,0.5153
LIDC-IDRI-0409,95.0,90.0,194.5,0.7572
LIDC-IDRI-0409,154.0,164.7,46.6,0.8177
LIDC-IDRI-0409,154.5,165.41666666666666,50.25,0.6977
LIDC-IDRI-0409,155.0,163.0,51.0,0.6741
LIDC-IDRI-0409,206.0,65.28571428571429,127.28571428571428,0.776
LIDC-IDRI-0580,87.06849315068493,112.0068493150685,201.34246575342465,0.8784
LIDC-IDRI-0580,89.075,92.475,161.85,0.8885
LIDC-IDRI-0580,182.0,110.0,175.0,0.68
LIDC-IDRI-0821,37.0,101.0,135.0,0.6746
LIDC-IDRI-0821,71.7,159.43333333333334,81.46666666666667,0.8428
LIDC-IDRI-0821,166.5744680851064,107.17021276595744,215.61702127659572,0.8487
LIDC-IDRI-0821,174.0,191.5,122.0,0.5309
LIDC-IDRI-0821,218.0,67.0,41.0,0.6618
LIDC-IDRI-0821,219.8571428571429,68.57142857142857,37.57142857142857,0.7754
LIDC-IDRI-0025,97.38888888888889,150.55555555555554,216.38888888888889,0.7722
LIDC-IDRI-0206,34.0,158.66666666666666,36.66666666666666,0.5709
LIDC-IDRI-0206,64.83333333333333,119.75252525252525,181.9040404040404,0.8945
LIDC-IDRI-0206,99.25,136.75,226.75,0.6269
LIDC-IDRI-0206,160.0,172.0,150.0,0.5397
LIDC-IDRI-0206,217.75,124.75,89.5,0.8609
LIDC-IDRI-0206,241.0,134.5,50.25,0.6155
LIDC-IDRI-0855,38.2,155.6,160.6,0.8277
LIDC-IDRI-0855,43.48648648648648,151.59459459459458,129.3783783783784,0.8548
LIDC-IDRI-0855,86.96153846153847,69.07692307692308,123.73076923076924,0.8696
LIDC-IDRI-0855,86.84615384615384,100.6923076923077,86.92307692307692,0.828
LIDC-IDRI-0855,96.65454545454546,148.52727272727273,227.23636363636365,0.8976
LIDC-IDRI-0855,98.4,158.4,212.8,0.829
LIDC-IDRI-0855,102.0,173.0,165.0,0.5672
LIDC-IDRI-0855,152.42857142857142,148.0,89.71428571428571,0.7654
LIDC-IDRI-0855,165.0,180.0,137.0,0.5535
LIDC-IDRI-0855,168.4375,153.0625,217.625,0.8381
LIDC-IDRI-0855,182.66666666666663,128.25,199.75,0.7809
LIDC-IDRI-0855,190.75,164.25,142.75,0.7192
LIDC-IDRI-0855,197.45,162.05,166.4,0.8389
LIDC-IDRI-0855,198.0,95.0,132.5,0.6817
LIDC-IDRI-0855,206.1,155.7,151.85,0.8777
LIDC-IDRI-0855,217.42857142857144,113.57142857142856,89.07142857142857,0.7422
LIDC-IDRI-0855,221.5,117.0,93.5,0.6409
LIDC-IDRI-0855,224.33333333333331,150.73333333333332,119.8,0.7491
LIDC-IDRI-0855,225.59154929577463,155.3943661971831,86.46478873239437,0.8706
LIDC-IDRI-0855,227.0,121.44,109.36,0.8355
LIDC-IDRI-0855,230.91071428571428,115.44642857142856,82.32142857142857,0.9093
LIDC-IDRI-0099,63.06060606060606,165.15151515151516,63.18181818181818,0.673
LIDC-IDRI-0099,77.25,143.25,105.75,0.6829
LIDC-IDRI-0099,95.0,176.33333333333334,183.66666666666663,0.7101
LIDC-IDRI-0099,147.66666666666666,169.29166666666666,58.79166666666666,0.7391
LIDC-IDRI-0099,156.7792207792208,144.53246753246754,216.2987012987013,0.7754
LIDC-IDRI-0099,159.40540540540542,151.6216216216216,221.1891891891892,0.8268
LIDC-IDRI-0099,159.6,134.4,208.0,0.7106
LIDC-IDRI-0273,28.0,69.0,233.0,0.5494
LIDC-IDRI-0273,45.5,128.83333333333334,114.04166666666669,0.868
LIDC-IDRI-0273,76.0,94.0,160.0,0.5387
LIDC-IDRI-0273,97.6,58.1,236.9,0.6447
LIDC-IDRI-0273,112.0,57.0,239.0,0.5415
LIDC-IDRI-0860,75.0,126.0,213.0,0.5193
LIDC-IDRI-0860,120.33333333333331,19.33333333333333,21.0,0.5421
LIDC-IDRI-0860,164.33928571428572,153.14285714285714,209.99107142857144,0.9333
LIDC-IDRI-0860,165.0,164.0,150.0,0.6612
LIDC-IDRI-0860,179.22368421052633,178.67105263157896,113.92105263157896,0.9422
LIDC-IDRI-0159,59.84905660377358,98.41132075471698,137.58490566037736,0.9332
LIDC-IDRI-0618,68.8,59.6,100.6,0.8305
LIDC-IDRI-0618,86.0,92.5,217.5,0.7017
LIDC-IDRI-0618,89.15384615384616,152.3846153846154,73.07692307692308,0.8429
LIDC-IDRI-0618,90.0,94.6,216.8,0.6908
LIDC-IDRI-0618,113.14285714285714,164.14285714285714,144.57142857142858,0.6007
LIDC-IDRI-0618,206.0,147.0,76.0,0.6482
LIDC-IDRI-0888,24.0,243.0,8.0,0.5925
LIDC-IDRI-0888,24.0,243.0,10.0,0.5381
LIDC-IDRI-0888,26.33333333333333,243.3809523809524,11.61904761904762,0.6985
LIDC-IDRI-0888,25.0,248.33333333333331,4.666666666666667,0.5681
LIDC-IDRI-0888,26.666666666666668,243.66666666666663,5.0,0.651
LIDC-IDRI-0888,27.0,244.0,20.0,0.5459
LIDC-IDRI-0888,27.0,244.0,28.0,0.5907
LIDC-IDRI-0888,27.0,244.0,36.0,0.5319
LIDC-IDRI-0888,27.0,244.0,44.0,0.5022
LIDC-IDRI-0888,70.6,124.4,164.8,0.7122
LIDC-IDRI-0888,71.0,118.66666666666669,160.33333333333334,0.599
LIDC-IDRI-0888,73.08333333333333,140.83333333333334,183.0,0.7813
LIDC-IDRI-0888,90.2391304347826,175.1304347826087,147.06521739130434,0.9066
LIDC-IDRI-0888,90.16666666666669,163.5,171.66666666666666,0.6242
LIDC-IDRI-0888,201.0,113.0,78.0,0.5251
LIDC-IDRI-0649,32.6,114.9,93.8,0.7634
LIDC-IDRI-0649,32.6,165.5,65.8,0.9012
LIDC-IDRI-0649,39.42857142857143,121.57142857142856,132.57142857142858,0.8899
LIDC-IDRI-0649,44.0,131.5,135.0,0.6679
LIDC-IDRI-0649,49.0,152.0,157.5,0.5913
LIDC-IDRI-0649,50.875,92.75,117.9375,0.8965
LIDC-IDRI-0649,59.71428571428572,148.28571428571428,189.42857142857144,0.8406
LIDC-IDRI-0649,73.0,71.0,89.0,0.7781
LIDC-IDRI-0649,94.33333333333331,182.0,37.66666666666666,0.736
LIDC-IDRI-0649,153.0,150.0,60.0,0.6812
LIDC-IDRI-0649,195.5,175.25,160.75,0.5595
LIDC-IDRI-0649,197.0,109.0,191.0,0.6523
LIDC-IDRI-0649,210.0,95.0,122.5,0.8089
LIDC-IDRI-0649,224.9333333333333,107.46666666666668,79.06666666666666,0.8897
LIDC-IDRI-0649,227.8,135.6,98.6,0.8226
