pseudo_region_count,n,qc_badness_mean,qc_badness_median,qc_badness_p95,z_range_mean,z_range_p95,grad_p99_mean,bad_zrange_gt_150
1,142,0.0145419107016324,0.0123106160677141,0.03436309597603741,5.015147733016753,10.624119567871087,0.10938081736768211,0.0%
2,85,0.13382562979267312,0.1032512860725323,0.29491020263036083,52.590837904986216,115.53511810302733,1.1194907712165052,2.4%
3,32,0.18448159456669552,0.1713795467336971,0.36465920463508966,70.37382173538208,124.43132858276367,1.6890078020049253,3.1%
4,10,0.26760634047124154,0.20597292054361765,0.6175199064251462,102.03078002929688,225.07439804077126,2.4770817071199533,10.0%
5,6,0.3559589701052064,0.3726519363244376,0.5726176561673476,121.20704650878906,188.25538635253903,4.099898370107011,16.7%
6,4,0.3758391910443706,0.3915053453710343,0.5345291736300797,126.02635765075684,170.61260986328125,4.89668055921794,25.0%
7,3,0.428054228836519,0.4508877898110283,0.5202739322270294,142.34458923339844,161.23713073730468,5.181186344623576,66.7%
8,2,0.41813820426596493,0.41813820426596493,0.4989695316006071,149.68338775634766,162.46667404174804,4.250674463510498,50.0%
9,3,0.40010776136892806,0.3975510064760842,0.47081591443220766,130.35281117757162,144.33909301757814,5.387988115946449,0.0%
