nodule_count,scan_count,probability,source
1,142,0.49477351916376305,without_nodules_generated_pseudo_regions
2,85,0.2961672473867596,without_nodules_generated_pseudo_regions
3,32,0.11149825783972125,without_nodules_generated_pseudo_regions
4,10,0.03484320557491289,without_nodules_generated_pseudo_regions
5,6,0.020905923344947737,without_nodules_generated_pseudo_regions
6,4,0.013937282229965157,without_nodules_generated_pseudo_regions
7,3,0.010452961672473868,without_nodules_generated_pseudo_regions
8,2,0.006968641114982578,without_nodules_generated_pseudo_regions
9,3,0.010452961672473868,without_nodules_generated_pseudo_regions
